智能出行特斯拉,61e6b5e14904b500012be0e0
出行首选特斯拉,614413ed96bb19000115e3fa
神奇的OTA,62a861ca3f42c900012019f3
不被定义的车,6305f2699447de000173124d
藏在车里的黑科技,63685901bdc5bc00017022f3
百万价格千万性能,6375d9fd253275000196d0e3
你拥有的有意思的科技产品,637479236ad52a0001dc2e29
这是你从未体验过的驾驶方式,637b3dab74740a000156c89c
特S3XY的驾驶方式,63885548540bb100017612ed
一万种充电方式,63a70f8a1d7c0500019b58c1
一万个祝福,63a90ffe30281600011be76e
冬季充电唯快不破,63ac20ba5e4d97000160cf67
冬季用车特长生,639b16b931e519000115c590
特别享过年,63b502a9451f4900016fd628
智能座舱,	
健康座舱,	
特别心动的车,	
冬季用车,
特斯拉ModelS,	
特斯拉Modelxplaid,	
特斯拉ModelX,	
特斯拉ModelSPlaid,	
modelx,
models,
特别喜欢你,63d750de1ab26000015e09d8
有点好拍,63e0e5d05d5dd60001ff430f
开工有喜,63d71b7cbeca830001437b2f
特斯拉搭配图鉴,6408f778993c7200017a7eda
特斯拉,5be6e4bcdb601f0001f72453
地球一刻,642b81b4690eef00013ea943
teslalife,61a02de7bf36c20001980d44
城市野游派,645ebda7d128e6000177c476
特斯拉三件套,6479e304da7b520001e24e78
新时代三件套,645607b0d6f8790001247d4d